상호,브랜드,티어,위도,경도,좌석수,자사
뚜레쥬르 성수1점,뚜레쥬르,비커피,37.539556,127.05353,30,N
뚜레쥬르 성수2점,뚜레쥬르,비커피,37.546326,127.054066,30,N
빽다방 성수3점,빽다방,저가형,37.541501,127.052456,24,N
이디야커피 성수4점,이디야커피,저가형,37.546808,127.059125,12,N
컴포즈커피 성수5점,컴포즈커피,저가형,37.542921,127.05566,30,N
컴포즈커피 성수6점,컴포즈커피,저가형,37.545022,127.057094,55,N
투썸플레이스 성수7점,투썸플레이스,동일가격대,37.546426,127.058616,16,N
블루보틀 성수8점,블루보틀,스페셜티,37.546482,127.060108,40,N
투썸플레이스 성수9점,투썸플레이스,동일가격대,37.54351,127.049704,12,N
블루보틀 성수10점,블루보틀,스페셜티,37.543808,127.049243,30,N
투썸플레이스 성수11점,투썸플레이스,동일가격대,37.539966,127.057074,40,N
블루보틀 성수12점,블루보틀,스페셜티,37.543089,127.061766,12,N
폴바셋 성수13점,폴바셋,스페셜티,37.543052,127.055075,12,N
커피빈 성수14점,커피빈,동일가격대,37.545363,127.051647,30,N
파리바게뜨 성수15점,파리바게뜨,비커피,37.542794,127.060288,16,N
폴바셋 성수16점,폴바셋,스페셜티,37.546922,127.050329,24,N
컴포즈커피 성수17점,컴포즈커피,저가형,37.543225,127.051833,12,N
매머드커피 성수18점,매머드커피,저가형,37.546604,127.06136,20,N
빽다방 성수19점,빽다방,저가형,37.546596,127.054594,30,N
메가MGC커피 성수20점,메가MGC커피,저가형,37.544586,127.060395,40,N
블루보틀 성수21점,블루보틀,스페셜티,37.543301,127.051234,30,N
빽다방 성수22점,빽다방,저가형,37.542639,127.05923,55,N
매머드커피 성수23점,매머드커피,저가형,37.543922,127.055813,24,N
이디야커피 성수24점,이디야커피,저가형,37.547088,127.051805,24,N
컴포즈커피 성수25점,컴포즈커피,저가형,37.542402,127.054631,30,N
이디야커피 성수26점,이디야커피,저가형,37.543495,127.057934,55,N
컴포즈커피 성수27점,컴포즈커피,저가형,37.5441,127.049492,40,N
파리바게뜨 성수28점,파리바게뜨,비커피,37.545872,127.060457,20,N
블루보틀 성수29점,블루보틀,스페셜티,37.543764,127.061914,12,N
매머드커피 성수30점,매머드커피,저가형,37.547605,127.060742,55,N
뚜레쥬르 강남역1점,뚜레쥬르,비커피,37.501434,127.026596,20,N
매머드커피 강남역2점,매머드커피,저가형,37.494651,127.029748,40,N
커피빈 강남역3점,커피빈,동일가격대,37.500858,127.029316,24,N
블루보틀 강남역4점,블루보틀,스페셜티,37.501115,127.032442,55,N
매머드커피 강남역5점,매머드커피,저가형,37.500436,127.029616,12,N
컴포즈커피 강남역6점,컴포즈커피,저가형,37.502072,127.024932,55,N
컴포즈커피 강남역7점,컴포즈커피,저가형,37.496268,127.02813,20,N
할리스커피 강남역8점,할리스커피,동일가격대,37.499726,127.024667,20,N
매머드커피 강남역9점,매머드커피,저가형,37.500058,127.024779,16,N
매머드커피 강남역10점,매머드커피,저가형,37.49856,127.027027,20,N
이디야커피 강남역11점,이디야커피,저가형,37.499036,127.032436,24,N
이디야커피 강남역12점,이디야커피,저가형,37.493669,127.030153,55,N
투썸플레이스 강남역13점,투썸플레이스,동일가격대,37.499984,127.027032,30,N
빽다방 강남역14점,빽다방,저가형,37.500387,127.030632,40,N
스타벅스 강남역15점,스타벅스,동일가격대,37.497633,127.031293,40,N
컴포즈커피 강남역16점,컴포즈커피,저가형,37.496592,127.029833,16,N
뚜레쥬르 강남역17점,뚜레쥬르,비커피,37.493399,127.028177,55,N
투썸플레이스 강남역18점,투썸플레이스,동일가격대,37.496893,127.033303,24,N
할리스커피 강남역19점,할리스커피,동일가격대,37.494236,127.029093,30,N
더벤티 강남역20점,더벤티,저가형,37.501502,127.023221,16,N
커피빈 강남역21점,커피빈,동일가격대,37.493867,127.023523,12,N
커피빈 강남역22점,커피빈,동일가격대,37.499329,127.026448,12,N
컴포즈커피 강남역23점,컴포즈커피,저가형,37.498188,127.0315,12,N
매머드커피 강남역24점,매머드커피,저가형,37.501763,127.030678,16,N
파리바게뜨 강남역25점,파리바게뜨,비커피,37.495575,127.031009,30,N
스타벅스 강남역26점,스타벅스,동일가격대,37.49783,127.033665,40,N
더벤티 강남역27점,더벤티,저가형,37.500496,127.032761,20,N
블루보틀 강남역28점,블루보틀,스페셜티,37.497902,127.026054,20,N
폴바셋 강남역29점,폴바셋,스페셜티,37.493439,127.029559,16,N
더벤티 강남역30점,더벤티,저가형,37.499896,127.024354,55,N
뚜레쥬르 강남역31점,뚜레쥬르,비커피,37.498323,127.024226,20,N
스타벅스 강남역32점,스타벅스,동일가격대,37.496009,127.027398,16,N
투썸플레이스 강남역33점,투썸플레이스,동일가격대,37.501434,127.028181,12,N
파리바게뜨 강남역34점,파리바게뜨,비커피,37.496605,127.031365,16,N
이디야커피 강남역35점,이디야커피,저가형,37.49758,127.023819,30,N
스타벅스 강남역36점,스타벅스,동일가격대,37.496713,127.022167,24,N
메가MGC커피 강남역37점,메가MGC커피,저가형,37.497104,127.030023,40,N
빽다방 강남역38점,빽다방,저가형,37.49763,127.032511,16,N
뚜레쥬르 강남역39점,뚜레쥬르,비커피,37.496748,127.027777,16,N
블루보틀 강남역40점,블루보틀,스페셜티,37.495851,127.03084,24,N
매머드커피 강남역41점,매머드커피,저가형,37.498233,127.033145,16,N
컴포즈커피 강남역42점,컴포즈커피,저가형,37.498781,127.031942,24,N
파리바게뜨 강남역43점,파리바게뜨,비커피,37.500325,127.033498,40,N
할리스커피 강남역44점,할리스커피,동일가격대,37.49288,127.027689,16,N
빽다방 강남역45점,빽다방,저가형,37.496953,127.028819,24,N
이디야커피 강남역46점,이디야커피,저가형,37.494227,127.028045,55,N
커피빈 강남역47점,커피빈,동일가격대,37.496291,127.031793,24,N
커피빈 강남역48점,커피빈,동일가격대,37.502334,127.028688,12,N
할리스커피 강남역49점,할리스커피,동일가격대,37.496805,127.02788,30,N
뚜레쥬르 강남역50점,뚜레쥬르,비커피,37.496035,127.026702,40,N
블루보틀 강남역51점,블루보틀,스페셜티,37.496173,127.025612,30,N
뚜레쥬르 강남역52점,뚜레쥬르,비커피,37.493351,127.025358,16,N
스타벅스 강남역53점,스타벅스,동일가격대,37.499342,127.028307,12,N
스타벅스 강남역54점,스타벅스,동일가격대,37.500668,127.032462,16,N
이디야커피 강남역55점,이디야커피,저가형,37.501098,127.030388,40,N
폴바셋 강남역56점,폴바셋,스페셜티,37.501252,127.031499,55,N
파리바게뜨 강남역57점,파리바게뜨,비커피,37.496799,127.033574,16,N
스타벅스 강남역58점,스타벅스,동일가격대,37.497639,127.028625,40,N
빽다방 목동1점,빽다방,저가형,37.528887,126.878559,30,N
뚜레쥬르 목동2점,뚜레쥬르,비커피,37.528469,126.878499,40,N
블루보틀 목동3점,블루보틀,스페셜티,37.521802,126.872347,12,N
컴포즈커피 목동4점,컴포즈커피,저가형,37.525598,126.873154,12,N
메가MGC커피 목동5점,메가MGC커피,저가형,37.529058,126.876006,30,N
컴포즈커피 목동6점,컴포즈커피,저가형,37.530822,126.875411,16,N
뚜레쥬르 목동7점,뚜레쥬르,비커피,37.527454,126.879928,20,N
이디야커피 목동8점,이디야커피,저가형,37.531159,126.874921,24,N
매머드커피 목동9점,매머드커피,저가형,37.521544,126.87383,16,N
뚜레쥬르 목동10점,뚜레쥬르,비커피,37.522596,126.878264,24,N
폴바셋 목동11점,폴바셋,스페셜티,37.526223,126.876933,12,N
블루보틀 목동12점,블루보틀,스페셜티,37.523144,126.874227,20,N
뚜레쥬르 홍대1점,뚜레쥬르,비커피,37.55757,126.919216,20,N
빽다방 홍대2점,빽다방,저가형,37.553739,126.926684,40,N
스타벅스 홍대3점,스타벅스,동일가격대,37.558954,126.924872,40,N
파리바게뜨 홍대4점,파리바게뜨,비커피,37.555672,126.93005,16,N
뚜레쥬르 홍대5점,뚜레쥬르,비커피,37.559952,126.919278,40,N
더벤티 홍대6점,더벤티,저가형,37.55683,126.926541,16,N
빽다방 홍대7점,빽다방,저가형,37.553467,126.928265,30,N
더벤티 홍대8점,더벤티,저가형,37.558167,126.926629,24,N
더벤티 홍대9점,더벤티,저가형,37.55419,126.928797,24,N
컴포즈커피 홍대10점,컴포즈커피,저가형,37.556868,126.930799,55,N
할리스커피 홍대11점,할리스커피,동일가격대,37.5587,126.920344,30,N
뚜레쥬르 홍대12점,뚜레쥬르,비커피,37.554185,126.923257,40,N
투썸플레이스 홍대13점,투썸플레이스,동일가격대,37.554167,126.919895,24,N
파리바게뜨 홍대14점,파리바게뜨,비커피,37.552274,126.923185,30,N
빽다방 홍대15점,빽다방,저가형,37.5572,126.919496,12,N
폴바셋 홍대16점,폴바셋,스페셜티,37.559231,126.924292,16,N
빽다방 홍대17점,빽다방,저가형,37.555561,126.922158,30,N
이디야커피 홍대18점,이디야커피,저가형,37.555648,126.929726,16,N
컴포즈커피 홍대19점,컴포즈커피,저가형,37.558196,126.91819,40,N
더벤티 홍대20점,더벤티,저가형,37.554648,126.920333,24,N
투썸플레이스 홍대21점,투썸플레이스,동일가격대,37.554174,126.925559,55,N
폴바셋 홍대22점,폴바셋,스페셜티,37.559066,126.919846,30,N
투썸플레이스 홍대23점,투썸플레이스,동일가격대,37.56234,126.923897,55,N
이디야커피 홍대24점,이디야커피,저가형,37.560295,126.925479,55,N
빽다방 홍대25점,빽다방,저가형,37.556664,126.924599,12,N
더벤티 홍대26점,더벤티,저가형,37.56096,126.927901,55,N
컴포즈커피 홍대27점,컴포즈커피,저가형,37.562492,126.924747,20,N
이디야커피 홍대28점,이디야커피,저가형,37.55813,126.919365,24,N
매머드커피 홍대29점,매머드커피,저가형,37.557492,126.93034,30,N
파리바게뜨 홍대30점,파리바게뜨,비커피,37.560538,126.919999,12,N
매머드커피 홍대31점,매머드커피,저가형,37.558431,126.928061,40,N
커피빈 홍대32점,커피빈,동일가격대,37.554781,126.923278,16,N
폴바셋 홍대33점,폴바셋,스페셜티,37.557121,126.921575,24,N
투썸플레이스 홍대34점,투썸플레이스,동일가격대,37.561201,126.924225,20,N
커피빈 홍대35점,커피빈,동일가격대,37.558745,126.928678,55,N
매머드커피 홍대36점,매머드커피,저가형,37.560002,126.918921,55,N
블루보틀 홍대37점,블루보틀,스페셜티,37.557947,126.93041,55,N
블루보틀 홍대38점,블루보틀,스페셜티,37.559497,126.92785,12,N
폴바셋 홍대39점,폴바셋,스페셜티,37.559502,126.929588,16,N
커피빈 홍대40점,커피빈,동일가격대,37.555491,126.921849,16,N
빽다방 홍대41점,빽다방,저가형,37.559828,126.924858,40,N
더벤티 홍대42점,더벤티,저가형,37.561336,126.922511,20,N
뚜레쥬르 홍대43점,뚜레쥬르,비커피,37.553563,126.92608,55,N
더벤티 홍대44점,더벤티,저가형,37.551997,126.924695,55,N
뚜레쥬르 홍대45점,뚜레쥬르,비커피,37.560875,126.919644,24,N
뚜레쥬르 홍대46점,뚜레쥬르,비커피,37.561067,126.92166,55,N
스타벅스 홍대47점,스타벅스,동일가격대,37.555275,126.928706,30,N
빽다방 홍대48점,빽다방,저가형,37.558355,126.921083,16,N
메가MGC커피 홍대49점,메가MGC커피,저가형,37.560959,126.928489,20,N
커피빈 홍대50점,커피빈,동일가격대,37.561822,126.923636,40,N
메가MGC커피 홍대51점,메가MGC커피,저가형,37.55871,126.927258,55,N
메가MGC커피 홍대52점,메가MGC커피,저가형,37.561822,126.925631,24,N
이디야커피 홍대53점,이디야커피,저가형,37.558694,126.929352,12,N
폴바셋 홍대54점,폴바셋,스페셜티,37.559661,126.927174,40,N
메가MGC커피 홍대55점,메가MGC커피,저가형,37.553605,126.92136,12,N
뚜레쥬르 홍대56점,뚜레쥬르,비커피,37.561046,126.929086,24,N
폴바셋 홍대57점,폴바셋,스페셜티,37.556955,126.928581,30,N
할리스커피 홍대58점,할리스커피,동일가격대,37.553986,126.919381,24,N
메가MGC커피 홍대59점,메가MGC커피,저가형,37.557927,126.927538,40,N
투썸플레이스 홍대60점,투썸플레이스,동일가격대,37.552447,126.9229,40,N
이디야커피 홍대61점,이디야커피,저가형,37.55558,126.928435,30,N
커피빈 홍대62점,커피빈,동일가격대,37.558743,126.928455,55,N
이디야커피 홍대63점,이디야커피,저가형,37.562541,126.925108,12,N
할리스커피 홍대64점,할리스커피,동일가격대,37.554578,126.921417,12,N
투썸플레이스 홍대65점,투썸플레이스,동일가격대,37.558166,126.92364,24,N
스타벅스 홍대66점,스타벅스,동일가격대,37.556992,126.920594,20,N
블루보틀 홍대67점,블루보틀,스페셜티,37.555583,126.929239,40,N
커피빈 홍대68점,커피빈,동일가격대,37.55944,126.930267,16,N
폴바셋 홍대69점,폴바셋,스페셜티,37.557855,126.930099,16,N
컴포즈커피 홍대70점,컴포즈커피,저가형,37.55801,126.919365,16,N
컴포즈커피 홍대71점,컴포즈커피,저가형,37.556066,126.924664,16,N
할리스커피 판교1점,할리스커피,동일가격대,37.399451,127.105713,55,N
투썸플레이스 판교2점,투썸플레이스,동일가격대,37.403115,127.106487,40,N
이디야커피 판교3점,이디야커피,저가형,37.404063,127.106584,40,N
투썸플레이스 판교4점,투썸플레이스,동일가격대,37.405151,127.105732,40,N
블루보틀 판교5점,블루보틀,스페셜티,37.399558,127.109967,55,N
매머드커피 판교6점,매머드커피,저가형,37.403501,127.103501,55,N
폴바셋 판교7점,폴바셋,스페셜티,37.402922,127.105935,55,N
파리바게뜨 판교8점,파리바게뜨,비커피,37.402508,127.108696,16,N
블루보틀 판교9점,블루보틀,스페셜티,37.400146,127.11381,20,N
스타벅스 판교10점,스타벅스,동일가격대,37.402623,127.103569,24,N
이디야커피 판교11점,이디야커피,저가형,37.39843,127.103662,30,N
스타벅스 판교12점,스타벅스,동일가격대,37.402213,127.110111,40,N
할리스커피 판교13점,할리스커피,동일가격대,37.399154,127.112671,30,N
매머드커피 판교14점,매머드커피,저가형,37.397848,127.105939,40,N
투썸플레이스 판교15점,투썸플레이스,동일가격대,37.402289,127.105606,20,N
블루보틀 판교16점,블루보틀,스페셜티,37.403203,127.110682,12,N
뚜레쥬르 판교17점,뚜레쥬르,비커피,37.398857,127.108438,16,N
뚜레쥬르 판교18점,뚜레쥬르,비커피,37.396668,127.108002,55,N
뚜레쥬르 판교19점,뚜레쥬르,비커피,37.404168,127.114233,24,N
매머드커피 판교20점,매머드커피,저가형,37.402884,127.106703,20,N
블루보틀 판교21점,블루보틀,스페셜티,37.403029,127.104256,40,N
더벤티 판교22점,더벤티,저가형,37.405572,127.113369,16,N
뚜레쥬르 판교23점,뚜레쥬르,비커피,37.398801,127.111672,30,N
커피빈 판교24점,커피빈,동일가격대,37.402482,127.114182,20,N
폴바셋 판교25점,폴바셋,스페셜티,37.40302,127.108114,24,N
파리바게뜨 판교26점,파리바게뜨,비커피,37.401278,127.112038,20,N
컴포즈커피 판교27점,컴포즈커피,저가형,37.405382,127.10964,20,N
파리바게뜨 판교28점,파리바게뜨,비커피,37.404087,127.110999,12,N
커피빈 판교29점,커피빈,동일가격대,37.40073,127.113486,55,N
할리스커피 판교30점,할리스커피,동일가격대,37.40116,127.105941,16,N
빽다방 판교31점,빽다방,저가형,37.400039,127.109915,16,N
뚜레쥬르 판교32점,뚜레쥬르,비커피,37.399102,127.106066,12,N
뚜레쥬르 판교33점,뚜레쥬르,비커피,37.402735,127.111757,30,N
뚜레쥬르 신림1점,뚜레쥬르,비커피,37.483927,126.924397,12,N
빽다방 신림2점,빽다방,저가형,37.485745,126.935026,24,N
파리바게뜨 신림3점,파리바게뜨,비커피,37.489383,126.930936,55,N
이디야커피 신림4점,이디야커피,저가형,37.488368,126.929367,30,N
뚜레쥬르 신림5점,뚜레쥬르,비커피,37.479443,126.931927,30,N
컴포즈커피 신림6점,컴포즈커피,저가형,37.485688,126.93091,24,N
메가MGC커피 신림7점,메가MGC커피,저가형,37.486319,126.926447,55,N
투썸플레이스 신림8점,투썸플레이스,동일가격대,37.481675,126.927162,16,N
컴포즈커피 신림9점,컴포즈커피,저가형,37.484494,126.924237,24,N
메가MGC커피 신림10점,메가MGC커피,저가형,37.481072,126.925659,20,N
매머드커피 신림11점,매머드커피,저가형,37.485353,126.932435,24,N
빽다방 신림12점,빽다방,저가형,37.48037,126.932806,30,N
폴바셋 신림13점,폴바셋,스페셜티,37.485916,126.935229,55,N
할리스커피 신림14점,할리스커피,동일가격대,37.48637,126.925823,55,N
뚜레쥬르 신림15점,뚜레쥬르,비커피,37.487422,126.927922,55,N
메가MGC커피 신림16점,메가MGC커피,저가형,37.48686,126.932764,24,N
폴바셋 신림17점,폴바셋,스페셜티,37.487581,126.928853,16,N
투썸플레이스 신림18점,투썸플레이스,동일가격대,37.484062,126.925012,30,N
메가MGC커피 신림19점,메가MGC커피,저가형,37.488955,126.926515,55,N
메가MGC커피 신림20점,메가MGC커피,저가형,37.483468,126.930734,55,N
파리바게뜨 신림21점,파리바게뜨,비커피,37.486132,126.92803,20,N
커피빈 신림22점,커피빈,동일가격대,37.483386,126.927546,16,N
이디야커피 신림23점,이디야커피,저가형,37.487052,126.932478,40,N
투썸플레이스 신림24점,투썸플레이스,동일가격대,37.486999,126.933293,12,N
블루보틀 신림25점,블루보틀,스페셜티,37.483015,126.923255,40,N
더벤티 신림26점,더벤티,저가형,37.484863,126.932871,24,N
파리바게뜨 신림27점,파리바게뜨,비커피,37.484203,126.926663,12,N
블루보틀 신림28점,블루보틀,스페셜티,37.489357,126.930655,30,N
매머드커피 신림29점,매머드커피,저가형,37.482208,126.92551,20,N
할리스커피 신림30점,할리스커피,동일가격대,37.485695,126.929044,40,N
컴포즈커피 신림31점,컴포즈커피,저가형,37.483617,126.934385,12,N
컴포즈커피 신림32점,컴포즈커피,저가형,37.488436,126.92576,40,N
뚜레쥬르 신림33점,뚜레쥬르,비커피,37.485795,126.936078,55,N
파리바게뜨 신림34점,파리바게뜨,비커피,37.486724,126.931994,40,N
폴바셋 신림35점,폴바셋,스페셜티,37.479428,126.927703,30,N
폴바셋 신림36점,폴바셋,스페셜티,37.48708,126.935068,40,N
할리스커피 신림37점,할리스커피,동일가격대,37.484463,126.934289,20,N
빽다방 신림38점,빽다방,저가형,37.488372,126.929388,20,N
투썸플레이스 신림39점,투썸플레이스,동일가격대,37.48225,126.924833,16,N
컴포즈커피 신림40점,컴포즈커피,저가형,37.482637,126.926353,55,N
블루보틀 신림41점,블루보틀,스페셜티,37.482453,126.93238,20,N
커피빈 신림42점,커피빈,동일가격대,37.485443,126.924164,24,N
할리스커피 신림43점,할리스커피,동일가격대,37.487602,126.933137,16,N
더벤티 신림44점,더벤티,저가형,37.488862,126.929343,12,N
할리스커피 카페하다1점,할리스커피,동일가격대,37.559756,127.042457,20,N
뚜레쥬르 카페하다2점,뚜레쥬르,비커피,37.560063,127.038494,16,N
블루보틀 카페하다3점,블루보틀,스페셜티,37.560094,127.039712,40,N
빽다방 카페하다4점,빽다방,저가형,37.565284,127.040721,55,N
커피빈 카페하다5점,커피빈,동일가격대,37.560365,127.038872,40,N
블루보틀 카페하다6점,블루보틀,스페셜티,37.56317,127.043852,24,N
파리바게뜨 카페하다7점,파리바게뜨,비커피,37.565248,127.04129,12,N
파리바게뜨 카페하다8점,파리바게뜨,비커피,37.557759,127.041504,20,N
뚜레쥬르 카페하다9점,뚜레쥬르,비커피,37.5618,127.041565,24,N
메가MGC커피 카페하다10점,메가MGC커피,저가형,37.560352,127.040404,12,N
빽다방 카페하다11점,빽다방,저가형,37.562752,127.032807,12,N
폴바셋 카페하다12점,폴바셋,스페셜티,37.558179,127.039105,30,N
더벤티 카페하다13점,더벤티,저가형,37.561821,127.032627,24,N
매머드커피 카페하다14점,매머드커피,저가형,37.558292,127.034294,30,N
커피빈 카페하다15점,커피빈,동일가격대,37.55986,127.033808,20,N
파리바게뜨 카페하다16점,파리바게뜨,비커피,37.560358,127.036739,55,N
파리바게뜨 카페하다17점,파리바게뜨,비커피,37.563561,127.041938,12,N
뚜레쥬르 카페하다18점,뚜레쥬르,비커피,37.564319,127.032539,30,N
이디야커피 카페하다19점,이디야커피,저가형,37.565314,127.0375,24,N
투썸플레이스 카페하다20점,투썸플레이스,동일가격대,37.565718,127.035745,16,N
메가MGC커피 카페하다21점,메가MGC커피,저가형,37.55687,127.038158,12,N
스타벅스 카페하다22점,스타벅스,동일가격대,37.563445,127.039764,55,N
폴바셋 카페하다23점,폴바셋,스페셜티,37.556385,127.035549,40,N
폴바셋 카페하다24점,폴바셋,스페셜티,37.559942,127.038513,30,N
메가MGC커피 카페하다25점,메가MGC커피,저가형,37.558289,127.036152,30,N
빽다방 카페하다26점,빽다방,저가형,37.55938,127.038406,55,N
폴바셋 카페하다1점,폴바셋,스페셜티,37.500347,127.034424,12,N
투썸플레이스 카페하다2점,투썸플레이스,동일가격대,37.498102,127.040564,20,N
투썸플레이스 카페하다3점,투썸플레이스,동일가격대,37.50155,127.034037,55,N
매머드커피 카페하다4점,매머드커피,저가형,37.495643,127.0379,30,N
컴포즈커피 카페하다5점,컴포즈커피,저가형,37.497101,127.033317,12,N
할리스커피 카페하다6점,할리스커피,동일가격대,37.499538,127.042387,30,N
매머드커피 카페하다7점,매머드커피,저가형,37.498119,127.034115,12,N
커피빈 카페하다8점,커피빈,동일가격대,37.500974,127.038654,20,N
스타벅스 카페하다9점,스타벅스,동일가격대,37.49904,127.038544,12,N
할리스커피 카페하다10점,할리스커피,동일가격대,37.499456,127.038323,16,N
커피빈 카페하다12점,커피빈,동일가격대,37.502551,127.040172,30,N
매머드커피 카페하다13점,매머드커피,저가형,37.497057,127.040757,12,N
더벤티 카페하다14점,더벤티,저가형,37.505323,127.038518,40,N
컴포즈커피 카페하다15점,컴포즈커피,저가형,37.497803,127.031577,24,N
커피빈 카페하다16점,커피빈,동일가격대,37.503002,127.035379,55,N
컴포즈커피 카페하다17점,컴포즈커피,저가형,37.498531,127.039399,20,N
투썸플레이스 카페하다18점,투썸플레이스,동일가격대,37.497078,127.037798,24,N
뚜레쥬르 카페하다19점,뚜레쥬르,비커피,37.500379,127.031053,55,N
빽다방 카페하다20점,빽다방,저가형,37.499939,127.039823,12,N
파리바게뜨 카페하다21점,파리바게뜨,비커피,37.504739,127.039194,40,N
이디야커피 카페하다22점,이디야커피,저가형,37.50238,127.031147,20,N
이디야커피 카페하다23점,이디야커피,저가형,37.497879,127.032207,40,N
매머드커피 카페하다24점,매머드커피,저가형,37.503175,127.039743,55,N
폴바셋 카페하다25점,폴바셋,스페셜티,37.500771,127.041502,30,N
폴바셋 카페하다26점,폴바셋,스페셜티,37.498714,127.041362,16,N
컴포즈커피 카페하다27점,컴포즈커피,저가형,37.501545,127.036993,12,N
블루보틀 카페하다28점,블루보틀,스페셜티,37.497317,127.040154,30,N
블루보틀 카페하다29점,블루보틀,스페셜티,37.497216,127.039267,55,N
투썸플레이스 카페하다30점,투썸플레이스,동일가격대,37.498461,127.032102,30,N
파리바게뜨 카페하다31점,파리바게뜨,비커피,37.503446,127.033611,40,N
매머드커피 카페하다32점,매머드커피,저가형,37.504524,127.034581,12,N
컴포즈커피 카페하다33점,컴포즈커피,저가형,37.501553,127.042472,55,N
커피빈 카페하다34점,커피빈,동일가격대,37.497231,127.038608,16,N
더벤티 카페하다35점,더벤티,저가형,37.50186,127.031551,30,N
컴포즈커피 카페하다36점,컴포즈커피,저가형,37.498137,127.033175,20,N
이디야커피 카페하다37점,이디야커피,저가형,37.495521,127.038531,12,N
투썸플레이스 카페하다38점,투썸플레이스,동일가격대,37.497351,127.032451,12,N
커피빈 카페하다39점,커피빈,동일가격대,37.498074,127.038681,20,N
블루보틀 카페하다40점,블루보틀,스페셜티,37.501816,127.032796,24,N
매머드커피 카페하다41점,매머드커피,저가형,37.503236,127.035505,20,N
투썸플레이스 카페하다42점,투썸플레이스,동일가격대,37.499088,127.041421,20,N
컴포즈커피 카페하다43점,컴포즈커피,저가형,37.50296,127.041947,30,N
블루보틀 카페하다44점,블루보틀,스페셜티,37.500838,127.042755,16,N
투썸플레이스 카페하다45점,투썸플레이스,동일가격대,37.498413,127.035265,16,N
이디야커피 카페하다46점,이디야커피,저가형,37.504248,127.03356,12,N
더벤티 카페하다47점,더벤티,저가형,37.497936,127.036863,40,N
이디야커피 카페하다48점,이디야커피,저가형,37.502062,127.040512,24,N
폴바셋 카페하다49점,폴바셋,스페셜티,37.502242,127.033421,55,N
컴포즈커피 카페하다1점,컴포즈커피,저가형,37.488421,127.034752,16,N
할리스커피 카페하다2점,할리스커피,동일가격대,37.480207,127.035597,12,N
스타벅스 카페하다3점,스타벅스,동일가격대,37.483879,127.035692,30,N
더벤티 카페하다4점,더벤티,저가형,37.481705,127.029671,55,N
이디야커피 카페하다5점,이디야커피,저가형,37.484773,127.033014,12,N
더벤티 카페하다6점,더벤티,저가형,37.483538,127.030864,30,N
빽다방 카페하다7점,빽다방,저가형,37.484601,127.031896,30,N
메가MGC커피 카페하다9점,메가MGC커피,저가형,37.481194,127.034557,12,N
블루보틀 카페하다10점,블루보틀,스페셜티,37.484655,127.026841,16,N
이디야커피 카페하다11점,이디야커피,저가형,37.482901,127.035953,20,N
더벤티 카페하다12점,더벤티,저가형,37.482543,127.033202,24,N
뚜레쥬르 카페하다14점,뚜레쥬르,비커피,37.48536,127.038533,12,N
파리바게뜨 카페하다15점,파리바게뜨,비커피,37.482385,127.034066,30,N
매머드커피 카페하다16점,매머드커피,저가형,37.485763,127.03399,16,N
메가MGC커피 카페하다17점,메가MGC커피,저가형,37.488474,127.034537,55,N
폴바셋 카페하다18점,폴바셋,스페셜티,37.486564,127.032888,40,N
빽다방 카페하다19점,빽다방,저가형,37.480012,127.032396,16,N
매머드커피 카페하다20점,매머드커피,저가형,37.484451,127.031707,12,N
투썸플레이스 카페하다21점,투썸플레이스,동일가격대,37.484323,127.035035,55,N
매머드커피 카페하다23점,매머드커피,저가형,37.484299,127.030781,40,N
할리스커피 카페하다24점,할리스커피,동일가격대,37.484756,127.026034,12,N
커피빈 카페하다25점,커피빈,동일가격대,37.485276,127.037493,40,N
이디야커피 카페하다27점,이디야커피,저가형,37.48135,127.029086,55,N
파리바게뜨 카페하다28점,파리바게뜨,비커피,37.485864,127.038439,24,N
더벤티 카페하다29점,더벤티,저가형,37.488137,127.033273,24,N
컴포즈커피 카페하다30점,컴포즈커피,저가형,37.478369,127.031179,40,N
블루보틀 카페하다32점,블루보틀,스페셜티,37.487811,127.034843,55,N
뚜레쥬르 카페하다33점,뚜레쥬르,비커피,37.484829,127.032169,12,N
뚜레쥬르 카페하다34점,뚜레쥬르,비커피,37.479136,127.033728,55,N
매머드커피 카페하다35점,매머드커피,저가형,37.482854,127.026171,20,N
더벤티 카페하다36점,더벤티,저가형,37.486651,127.032654,24,N
커피빈 카페하다37점,커피빈,동일가격대,37.483801,127.034484,55,N
컴포즈커피 카페하다38점,컴포즈커피,저가형,37.483232,127.036613,16,N
스타벅스 카페하다1점,스타벅스,동일가격대,37.514364,127.091028,30,N
매머드커피 카페하다2점,매머드커피,저가형,37.512854,127.089976,20,N
메가MGC커피 카페하다3점,메가MGC커피,저가형,37.511939,127.086373,12,N
블루보틀 카페하다4점,블루보틀,스페셜티,37.508923,127.082322,12,N
블루보틀 카페하다5점,블루보틀,스페셜티,37.50954,127.089171,16,N
투썸플레이스 카페하다6점,투썸플레이스,동일가격대,37.511109,127.090231,40,N
투썸플레이스 카페하다7점,투썸플레이스,동일가격대,37.508748,127.09168,20,N
빽다방 카페하다8점,빽다방,저가형,37.512628,127.081686,40,N
빽다방 카페하다9점,빽다방,저가형,37.507342,127.082041,16,N
더벤티 카페하다10점,더벤티,저가형,37.509444,127.082066,55,N
더벤티 카페하다11점,더벤티,저가형,37.508294,127.091224,24,N
이디야커피 카페하다12점,이디야커피,저가형,37.50932,127.090143,20,N
할리스커피 카페하다13점,할리스커피,동일가격대,37.513373,127.085428,55,N
투썸플레이스 카페하다14점,투썸플레이스,동일가격대,37.51332,127.089879,20,N
할리스커피 카페하다16점,할리스커피,동일가격대,37.513749,127.083612,40,N
블루보틀 카페하다17점,블루보틀,스페셜티,37.514406,127.083065,55,N
메가MGC커피 카페하다18점,메가MGC커피,저가형,37.511611,127.08287,55,N
파리바게뜨 카페하다19점,파리바게뜨,비커피,37.514521,127.086942,40,N
컴포즈커피 카페하다22점,컴포즈커피,저가형,37.507464,127.085408,16,N
뚜레쥬르 카페하다24점,뚜레쥬르,비커피,37.510388,127.083185,55,N
더벤티 카페하다25점,더벤티,저가형,37.507414,127.090877,40,N
할리스커피 카페하다26점,할리스커피,동일가격대,37.514177,127.081647,16,N
폴바셋 카페하다27점,폴바셋,스페셜티,37.513152,127.089968,24,N
이디야커피 카페하다28점,이디야커피,저가형,37.511155,127.080909,20,N
메가MGC커피 카페하다29점,메가MGC커피,저가형,37.512152,127.092842,55,N
블루보틀 카페하다30점,블루보틀,스페셜티,37.51241,127.087942,20,N
메가MGC커피 카페하다31점,메가MGC커피,저가형,37.515176,127.086711,12,N
블루보틀 카페하다33점,블루보틀,스페셜티,37.51602,127.084257,40,N
메가MGC커피 카페하다34점,메가MGC커피,저가형,37.514698,127.083152,12,N
뚜레쥬르 카페하다35점,뚜레쥬르,비커피,37.514409,127.083909,12,N
메가MGC커피 카페하다36점,메가MGC커피,저가형,37.514283,127.087287,12,N
컴포즈커피 카페하다37점,컴포즈커피,저가형,37.513719,127.088815,24,N
할리스커피 카페하다38점,할리스커피,동일가격대,37.515721,127.086469,12,N
투썸플레이스 카페하다39점,투썸플레이스,동일가격대,37.513315,127.087763,40,N
폴바셋 카페하다41점,폴바셋,스페셜티,37.514287,127.091079,20,N
매머드커피 카페하다1점,매머드커피,저가형,37.537976,127.072441,20,N
폴바셋 카페하다2점,폴바셋,스페셜티,37.544651,127.069838,24,N
할리스커피 카페하다3점,할리스커피,동일가격대,37.5408,127.071041,30,N
컴포즈커피 카페하다4점,컴포즈커피,저가형,37.538882,127.075216,12,N
매머드커피 카페하다5점,매머드커피,저가형,37.538438,127.065606,16,N
컴포즈커피 카페하다6점,컴포즈커피,저가형,37.545257,127.069384,30,N
투썸플레이스 카페하다8점,투썸플레이스,동일가격대,37.540187,127.070369,55,N
블루보틀 카페하다11점,블루보틀,스페셜티,37.540412,127.073513,20,N
할리스커피 카페하다12점,할리스커피,동일가격대,37.535772,127.066671,24,N
파리바게뜨 카페하다13점,파리바게뜨,비커피,37.544786,127.066536,16,N
할리스커피 카페하다15점,할리스커피,동일가격대,37.535663,127.072722,20,N
더벤티 카페하다17점,더벤티,저가형,37.538932,127.064954,24,N
매머드커피 카페하다18점,매머드커피,저가형,37.539788,127.068212,30,N
더벤티 카페하다19점,더벤티,저가형,37.539429,127.074988,40,N
메가MGC커피 카페하다22점,메가MGC커피,저가형,37.53586,127.070378,16,N
스타벅스 카페하다23점,스타벅스,동일가격대,37.541577,127.063503,30,N
파리바게뜨 카페하다24점,파리바게뜨,비커피,37.543561,127.071482,20,N
컴포즈커피 카페하다25점,컴포즈커피,저가형,37.540321,127.065751,40,N
메가MGC커피 카페하다27점,메가MGC커피,저가형,37.536157,127.069845,24,N
컴포즈커피 카페하다28점,컴포즈커피,저가형,37.54289,127.066132,55,N
빽다방 카페하다29점,빽다방,저가형,37.545119,127.067542,12,N
할리스커피 카페하다32점,할리스커피,동일가격대,37.542655,127.074784,55,N
매머드커피 카페하다33점,매머드커피,저가형,37.54148,127.070271,55,N
파리바게뜨 카페하다34점,파리바게뜨,비커피,37.544412,127.066309,30,N
커피빈 카페하다36점,커피빈,동일가격대,37.543358,127.075478,24,N
블루보틀 카페하다37점,블루보틀,스페셜티,37.541487,127.071045,20,N
폴바셋 카페하다38점,폴바셋,스페셜티,37.536646,127.070938,55,N
스타벅스 카페하다39점,스타벅스,동일가격대,37.539636,127.073445,12,N
더벤티 카페하다41점,더벤티,저가형,37.542669,127.073182,55,N
블루보틀 카페하다42점,블루보틀,스페셜티,37.543577,127.065817,12,N
할리스커피 카페하다43점,할리스커피,동일가격대,37.543292,127.071017,12,N
파리바게뜨 카페하다44점,파리바게뜨,비커피,37.537601,127.065106,20,N
커피빈 카페하다45점,커피빈,동일가격대,37.539639,127.073111,55,N
뚜레쥬르 카페하다46점,뚜레쥬르,비커피,37.541159,127.076716,12,N
매머드커피 카페하다47점,매머드커피,저가형,37.53821,127.070257,16,N
블루보틀 카페하다48점,블루보틀,스페셜티,37.542693,127.070798,30,N
뚜레쥬르 카페하다50점,뚜레쥬르,비커피,37.53719,127.072011,24,N
스타벅스 카페하다51점,스타벅스,동일가격대,37.537657,127.070165,55,N
컴포즈커피 카페하다52점,컴포즈커피,저가형,37.538795,127.069898,16,N
빽다방 카페하다1점,빽다방,저가형,37.57486,126.889908,55,N
커피빈 카페하다2점,커피빈,동일가격대,37.582607,126.892958,20,N
빽다방 카페하다3점,빽다방,저가형,37.584735,126.89005,40,N
할리스커피 카페하다5점,할리스커피,동일가격대,37.577029,126.888764,12,N
매머드커피 카페하다10점,매머드커피,저가형,37.580433,126.892104,12,N
커피빈 카페하다11점,커피빈,동일가격대,37.57974,126.893969,20,N
빽다방 카페하다13점,빽다방,저가형,37.574958,126.889682,24,N
투썸플레이스 카페하다16점,투썸플레이스,동일가격대,37.582539,126.893972,12,N
매머드커피 카페하다17점,매머드커피,저가형,37.579055,126.883158,30,N
폴바셋 카페하다19점,폴바셋,스페셜티,37.577862,126.884593,20,N
뚜레쥬르 카페하다20점,뚜레쥬르,비커피,37.580172,126.889927,16,N
이디야커피 카페하다21점,이디야커피,저가형,37.576455,126.893026,24,N
더벤티 카페하다1점,더벤티,저가형,37.525851,126.920721,16,N
투썸플레이스 카페하다4점,투썸플레이스,동일가격대,37.520314,126.924044,30,N
뚜레쥬르 카페하다6점,뚜레쥬르,비커피,37.525691,126.922275,12,N
뚜레쥬르 카페하다8점,뚜레쥬르,비커피,37.518826,126.924036,30,N
매머드커피 카페하다9점,매머드커피,저가형,37.51961,126.920392,24,N
컴포즈커피 카페하다10점,컴포즈커피,저가형,37.524218,126.927366,30,N
뚜레쥬르 카페하다11점,뚜레쥬르,비커피,37.523808,126.920726,16,N
컴포즈커피 카페하다12점,컴포즈커피,저가형,37.521205,126.921382,16,N
이디야커피 카페하다14점,이디야커피,저가형,37.51797,126.919386,40,N
투썸플레이스 카페하다15점,투썸플레이스,동일가격대,37.522196,126.917953,24,N
더벤티 카페하다16점,더벤티,저가형,37.517456,126.923052,55,N
스타벅스 카페하다18점,스타벅스,동일가격대,37.517555,126.922353,55,N
메가MGC커피 카페하다19점,메가MGC커피,저가형,37.518135,126.924664,12,N
파리바게뜨 카페하다20점,파리바게뜨,비커피,37.523193,126.930188,40,N
할리스커피 카페하다22점,할리스커피,동일가격대,37.525959,126.92365,24,N
더벤티 카페하다23점,더벤티,저가형,37.523766,126.928432,12,N
파리바게뜨 카페하다25점,파리바게뜨,비커피,37.523961,126.918364,16,N
이디야커피 카페하다26점,이디야커피,저가형,37.516864,126.924866,30,N
폴바셋 카페하다29점,폴바셋,스페셜티,37.520315,126.920632,16,N
이디야커피 카페하다31점,이디야커피,저가형,37.51814,126.928649,20,N
폴바셋 카페하다32점,폴바셋,스페셜티,37.522231,126.920373,30,N
스타벅스 카페하다33점,스타벅스,동일가격대,37.524121,126.918596,40,N
폴바셋 카페하다35점,폴바셋,스페셜티,37.52336,126.92631,24,N
컴포즈커피 카페하다2점,컴포즈커피,저가형,37.571464,126.993484,16,N
스타벅스 카페하다4점,스타벅스,동일가격대,37.569343,126.996094,40,N
파리바게뜨 카페하다5점,파리바게뜨,비커피,37.572126,126.988231,12,N
스타벅스 카페하다6점,스타벅스,동일가격대,37.570363,126.991995,20,N
메가MGC커피 카페하다11점,메가MGC커피,저가형,37.572668,126.9876,16,N
커피빈 카페하다13점,커피빈,동일가격대,37.565818,126.992794,24,N
메가MGC커피 카페하다14점,메가MGC커피,저가형,37.573563,126.992591,24,N
스타벅스 카페하다15점,스타벅스,동일가격대,37.56733,126.990422,16,N
투썸플레이스 카페하다17점,투썸플레이스,동일가격대,37.573402,126.992549,16,N
빽다방 카페하다18점,빽다방,저가형,37.567833,126.993371,40,N
스타벅스 카페하다19점,스타벅스,동일가격대,37.568652,126.99579,16,N
커피빈 카페하다20점,커피빈,동일가격대,37.568865,126.990675,55,N
뚜레쥬르 카페하다21점,뚜레쥬르,비커피,37.570782,126.987796,40,N
뚜레쥬르 카페하다22점,뚜레쥬르,비커피,37.571562,126.993296,40,N
뚜레쥬르 카페하다25점,뚜레쥬르,비커피,37.568671,126.99804,16,N
더벤티 카페하다26점,더벤티,저가형,37.570587,126.996865,24,N
스타벅스 카페하다30점,스타벅스,동일가격대,37.567889,126.992364,20,N
폴바셋 카페하다31점,폴바셋,스페셜티,37.570283,126.996724,55,N
이디야커피 카페하다32점,이디야커피,저가형,37.573262,126.987942,40,N
투썸플레이스 카페하다33점,투썸플레이스,동일가격대,37.569772,126.994373,20,N
매머드커피 카페하다34점,매머드커피,저가형,37.570974,126.996797,12,N
파리바게뜨 카페하다35점,파리바게뜨,비커피,37.574901,126.995149,30,N
투썸플레이스 카페하다36점,투썸플레이스,동일가격대,37.57394,126.995943,20,N
메가MGC커피 카페하다38점,메가MGC커피,저가형,37.56829,126.987996,24,N
뚜레쥬르 카페하다39점,뚜레쥬르,비커피,37.569719,126.998427,30,N
커피빈 카페하다40점,커피빈,동일가격대,37.568895,126.991412,20,N
이디야커피 카페하다41점,이디야커피,저가형,37.570173,126.996681,24,N
할리스커피 카페하다42점,할리스커피,동일가격대,37.573265,126.996057,55,N
폴바셋 카페하다43점,폴바셋,스페셜티,37.572002,126.989915,40,N
빽다방 카페하다44점,빽다방,저가형,37.575283,126.989889,16,N
매머드커피 카페하다45점,매머드커피,저가형,37.568057,126.991905,12,N
스타벅스 카페하다46점,스타벅스,동일가격대,37.574351,126.990252,40,N
뚜레쥬르 카페하다47점,뚜레쥬르,비커피,37.574105,126.994898,16,N
메가MGC커피 카페하다1점,메가MGC커피,저가형,37.475252,126.976101,40,N
매머드커피 카페하다3점,매머드커피,저가형,37.481669,126.980752,20,N
메가MGC커피 카페하다4점,메가MGC커피,저가형,37.477473,126.97878,16,N
매머드커피 카페하다6점,매머드커피,저가형,37.475034,126.980955,24,N
할리스커피 카페하다8점,할리스커피,동일가격대,37.477385,126.978792,40,N
빽다방 카페하다12점,빽다방,저가형,37.478363,126.985232,20,N
투썸플레이스 카페하다13점,투썸플레이스,동일가격대,37.477777,126.985188,55,N
빽다방 카페하다14점,빽다방,저가형,37.478616,126.987696,55,N
폴바셋 카페하다16점,폴바셋,스페셜티,37.471769,126.981928,55,N
폴바셋 카페하다17점,폴바셋,스페셜티,37.476118,126.975672,12,N
매머드커피 카페하다19점,매머드커피,저가형,37.479998,126.980248,55,N
폴바셋 카페하다20점,폴바셋,스페셜티,37.48052,126.978948,16,N
할리스커피 카페하다21점,할리스커피,동일가격대,37.477081,126.981896,55,N
커피빈 카페하다24점,커피빈,동일가격대,37.478434,126.981093,24,N
스타벅스 카페하다25점,스타벅스,동일가격대,37.475743,126.987058,20,N
뚜레쥬르 카페하다26점,뚜레쥬르,비커피,37.478997,126.984609,16,N
뚜레쥬르 카페하다27점,뚜레쥬르,비커피,37.475729,126.985502,55,N
매머드커피 카페하다29점,매머드커피,저가형,37.473596,126.984341,24,N
파리바게뜨 카페하다32점,파리바게뜨,비커피,37.480657,126.981323,20,N
빽다방 카페하다34점,빽다방,저가형,37.477018,126.987884,55,N
컴포즈커피 카페하다35점,컴포즈커피,저가형,37.474639,126.983677,24,N
파리바게뜨 카페하다38점,파리바게뜨,비커피,37.478294,126.981419,55,N
빽다방 카페하다39점,빽다방,저가형,37.475934,126.976017,20,N
더벤티 카페하다2점,더벤티,저가형,37.653695,127.061952,20,N
컴포즈커피 카페하다3점,컴포즈커피,저가형,37.651766,127.058902,12,N
이디야커피 카페하다4점,이디야커피,저가형,37.656869,127.05846,20,N
할리스커피 카페하다7점,할리스커피,동일가격대,37.654904,127.06178,24,N
더벤티 카페하다9점,더벤티,저가형,37.658474,127.060119,12,N
스타벅스 카페하다12점,스타벅스,동일가격대,37.657196,127.054798,16,N
할리스커피 카페하다14점,할리스커피,동일가격대,37.656071,127.058339,30,N
컴포즈커피 카페하다16점,컴포즈커피,저가형,37.653109,127.059446,24,N
투썸플레이스 카페하다19점,투썸플레이스,동일가격대,37.656691,127.056653,55,N
빽다방 카페하다21점,빽다방,저가형,37.650176,127.05565,55,N
파리바게뜨 카페하다2점,파리바게뜨,비커피,37.638125,127.030777,16,N
이디야커피 카페하다3점,이디야커피,저가형,37.637529,127.025655,24,N
커피빈 카페하다4점,커피빈,동일가격대,37.642215,127.023807,55,N
이디야커피 카페하다6점,이디야커피,저가형,37.641997,127.02367,24,N
폴바셋 카페하다8점,폴바셋,스페셜티,37.641626,127.024807,40,N
투썸플레이스 카페하다10점,투썸플레이스,동일가격대,37.638422,127.029853,24,N
할리스커피 카페하다11점,할리스커피,동일가격대,37.642093,127.027532,55,N
블루보틀 카페하다12점,블루보틀,스페셜티,37.634823,127.029273,55,N
컴포즈커피 카페하다13점,컴포즈커피,저가형,37.640691,127.023019,30,N
폴바셋 카페하다15점,폴바셋,스페셜티,37.635412,127.023763,16,N
더벤티 카페하다18점,더벤티,저가형,37.637794,127.027894,12,N
블루보틀 카페하다20점,블루보틀,스페셜티,37.634106,127.029966,55,N
블루보틀 카페하다1점,블루보틀,스페셜티,37.545163,126.835578,24,N
이디야커피 카페하다2점,이디야커피,저가형,37.544015,126.835512,40,N
파리바게뜨 카페하다4점,파리바게뜨,비커피,37.540803,126.837925,12,N
컴포즈커피 카페하다7점,컴포즈커피,저가형,37.537688,126.840707,55,N
커피빈 카페하다9점,커피빈,동일가격대,37.545669,126.84348,20,N
뚜레쥬르 카페하다15점,뚜레쥬르,비커피,37.543608,126.836464,30,N
빽다방 카페하다16점,빽다방,저가형,37.539082,126.840886,30,N
스타벅스 카페하다17점,스타벅스,동일가격대,37.542696,126.844644,16,N
뚜레쥬르 카페하다1점,뚜레쥬르,비커피,37.502615,126.763295,30,N
더벤티 카페하다5점,더벤티,저가형,37.506501,126.765964,20,N
이디야커피 카페하다8점,이디야커피,저가형,37.506518,126.765896,40,N
할리스커피 카페하다9점,할리스커피,동일가격대,37.506027,126.766081,40,N
스타벅스 카페하다11점,스타벅스,동일가격대,37.505121,126.766473,55,N
파리바게뜨 카페하다12점,파리바게뜨,비커피,37.508121,126.768743,12,N
매머드커피 카페하다15점,매머드커피,저가형,37.50748,126.761651,55,N
메가MGC커피 카페하다16점,메가MGC커피,저가형,37.501668,126.762314,12,N
매머드커피 카페하다21점,매머드커피,저가형,37.506802,126.770091,24,N
블루보틀 카페하다22점,블루보틀,스페셜티,37.502876,126.764865,55,N
블루보틀 카페하다23점,블루보틀,스페셜티,37.501801,126.768004,30,N
할리스커피 카페하다25점,할리스커피,동일가격대,37.505338,126.763295,30,N
블루보틀 카페하다2점,블루보틀,스페셜티,37.383339,127.129657,12,N
더벤티 카페하다3점,더벤티,저가형,37.382171,127.1209,20,N
뚜레쥬르 카페하다4점,뚜레쥬르,비커피,37.386059,127.119125,24,N
메가MGC커피 카페하다6점,메가MGC커피,저가형,37.382414,127.12414,55,N
더벤티 카페하다8점,더벤티,저가형,37.388021,127.121478,55,N
메가MGC커피 카페하다12점,메가MGC커피,저가형,37.384156,127.120274,30,N
메가MGC커피 카페하다13점,메가MGC커피,저가형,37.387097,127.120168,20,N
커피빈 카페하다17점,커피빈,동일가격대,37.3879,127.129165,30,N
파리바게뜨 카페하다18점,파리바게뜨,비커피,37.387275,127.123249,55,N
스타벅스 카페하다20점,스타벅스,동일가격대,37.380173,127.123826,12,N
커피빈 카페하다21점,커피빈,동일가격대,37.388122,127.126103,24,N
커피빈 카페하다22점,커피빈,동일가격대,37.385515,127.124157,40,N
메가MGC커피 카페하다23점,메가MGC커피,저가형,37.389669,127.126183,24,N
투썸플레이스 카페하다24점,투썸플레이스,동일가격대,37.381181,127.121247,16,N
커피빈 카페하다26점,커피빈,동일가격대,37.385424,127.124803,40,N
메가MGC커피 카페하다5점,메가MGC커피,저가형,37.386798,126.95084,20,N
빽다방 카페하다6점,빽다방,저가형,37.389639,126.954808,55,N
메가MGC커피 카페하다7점,메가MGC커피,저가형,37.384328,126.95164,12,N
투썸플레이스 카페하다9점,투썸플레이스,동일가격대,37.391361,126.951786,30,N
블루보틀 카페하다13점,블루보틀,스페셜티,37.391295,126.94605,16,N
할리스커피 카페하다19점,할리스커피,동일가격대,37.385089,126.952451,55,N
빽다방 카페하다22점,빽다방,저가형,37.391723,126.946037,30,N
투썸플레이스 카페하다23점,투썸플레이스,동일가격대,37.392836,126.948337,55,N
더벤티 카페하다24점,더벤티,저가형,37.386736,126.955094,30,N
더벤티 카페하다28점,더벤티,저가형,37.386538,126.945232,24,N
할리스커피 카페하다29점,할리스커피,동일가격대,37.390828,126.95705,30,N
더벤티 카페하다30점,더벤티,저가형,37.384088,126.951242,30,N
블루보틀 카페하다7점,블루보틀,스페셜티,37.656258,126.765209,16,N
블루보틀 카페하다9점,블루보틀,스페셜티,37.655563,126.772006,12,N
뚜레쥬르 카페하다10점,뚜레쥬르,비커피,37.658028,126.773797,24,N
폴바셋 카페하다14점,폴바셋,스페셜티,37.658815,126.773855,24,N
이디야커피 카페하다20점,이디야커피,저가형,37.663498,126.770673,55,N
뚜레쥬르 카페하다23점,뚜레쥬르,비커피,37.656546,126.766324,12,N
카페하다 왕십리점,카페하다,동일가격대,37.5613,127.038,28,Y
카페하다 역삼점,카페하다,동일가격대,37.5006,127.0364,28,Y
카페하다 서초점,카페하다,동일가격대,37.4837,127.0324,28,Y
카페하다 잠실새내점,카페하다,동일가격대,37.5114,127.0864,28,Y
카페하다 건대입구점,카페하다,동일가격대,37.5405,127.07,28,Y
카페하다 상암점,카페하다,동일가격대,37.5796,126.8893,28,Y
카페하다 여의도점,카페하다,동일가격대,37.5216,126.9243,28,Y
카페하다 종로3가점,카페하다,동일가격대,37.5704,126.9917,28,Y
카페하다 사당점,카페하다,동일가격대,37.4765,126.9816,28,Y
카페하다 노원점,카페하다,동일가격대,37.6542,127.0568,28,Y
카페하다 수유점,카페하다,동일가격대,37.6377,127.0255,28,Y
카페하다 화곡점,카페하다,동일가격대,37.5416,126.8404,28,Y
카페하다 부천중동점,카페하다,동일가격대,37.5035,126.766,28,Y
카페하다 분당서현점,카페하다,동일가격대,37.3853,127.1234,28,Y
카페하다 안양범계점,카페하다,동일가격대,37.3894,126.9506,28,Y
카페하다 일산라페스타점,카페하다,동일가격대,37.6584,126.7699,28,Y
